node,brand,nodes,demand,max_dist
1880400488,中百仓储,424,854.3,4368.0
8198567118,中百仓储,404,697.7,4997.0
7178880041,中百仓储,257,469.3,4704.0
4181217433,盒马鲜生,385,440.5,9566.0
11880563955,盒马鲜生,366,388.4,6458.0
1880396007,盒马鲜生,512,387.4,3492.0
2457603193,中百仓储,1053,371.4,24363.0
7157578628,盒马鲜生,225,368.2,5568.0
1290395232,中百仓储,435,356.4,6517.0
9487411571,中百仓储,495,354.8,10541.0
8358666767,中百仓储,273,333.8,6129.0
9208010658,中百仓储,666,308.6,17256.0
3541539575,中百仓储,192,297.7,4486.0
2401122715,中百仓储,301,275.3,3459.0
9933767027,盒马鲜生,497,261.8,7564.0
3030038002,盒马鲜生,213,253.2,5727.0
3367156838,中百仓储,190,253.1,3928.0
1233322729,盒马鲜生,264,248.8,9098.0
4541277493,中百仓储,211,236.5,6647.0
5325050705,中百仓储,304,233.1,3713.0
4742253048,盒马鲜生,772,232.5,11539.0
4523470682,盒马鲜生,224,227.6,6535.0
1814651166,盒马鲜生,591,213.5,10968.0
6868989296,盒马鲜生,229,208.4,5547.0
2401177369,盒马鲜生,225,206.8,6709.0
13369051339,中百仓储,214,200.1,5648.0
1212025348,中百仓储,191,194.1,6677.0
12463139050,盒马鲜生,516,192.7,10632.0
2401390759,中百仓储,380,190.6,3933.0
7295164908,盒马鲜生,359,188.2,6801.0
3822225896,中百仓储,213,185.1,5025.0
3044755215,中百仓储,194,183.7,6561.0
12247625066,盒马鲜生,212,177.5,4844.0
5343198036,中百仓储,123,176.6,4874.0
1148754930,盒马鲜生,301,172.3,4632.0
9487411581,中百仓储,199,170.2,5917.0
3501002866,中百仓储,130,164.1,8098.0
1150768887,中百仓储,38,155.2,8419.0
7227625036,盒马鲜生,183,154.2,9793.0
4050649085,盒马鲜生,145,151.3,4207.0
1212025358,盒马鲜生,65,149.9,3350.0
1459170126,盒马鲜生,189,144.7,6017.0
10080986063,盒马鲜生,289,140.9,7029.0
3044755109,中百仓储,157,133.9,4121.0
4540338550,盒马鲜生,88,126.9,8932.0
13778138440,中百仓储,156,120.6,4273.0
11176160735,盒马鲜生,133,117.3,4061.0
12841249641,中百仓储,148,116.7,4574.0
2045952502,中百仓储,171,97.5,7004.0
7160849932,中百仓储,98,95.3,4075.0
2482884829,中百仓储,317,94.2,7497.0
1887828574,中百仓储,165,91.4,5876.0
8197771709,中百仓储,69,87.4,5860.0
12381917927,盒马鲜生,209,77.8,6630.0
1212025383,中百仓储,13,73.5,2270.0
8197701278,中百仓储,32,69.2,1825.0
13747437765,盒马鲜生,62,57.9,3983.0
3584782896,中百仓储,24,57.3,4277.0
11733956990,盒马鲜生,14,57.2,3016.0
7614809187,中百仓储,57,49.8,3476.0
1215926967,盒马鲜生,22,48.9,3077.0
4525399322,中百仓储,4,47.1,2369.0
3734092008,中百仓储,10,36.0,1606.0
2457601089,中百仓储,99,34.5,14784.0
1140523115,中百仓储,3,28.9,1817.0
3578548936,中百仓储,1,25.5,0.0
11775535391,盒马鲜生,25,24.0,3503.0
9520799127,中百仓储,3,22.8,986.0
11250185933,盒马鲜生,99,21.5,6782.0
4847000912,中百仓储,1,21.0,0.0
8600114950,中百仓储,12,17.6,4758.0
9424855173,盒马鲜生,10,9.4,3600.0
3491030918,中百仓储,12,8.6,7854.0
8480339511,中百仓储,19,7.7,1734.0
299855747,中百仓储,6,1.7,4413.0
