name,brand,lon,lat,node
盒马鲜生(首义店),盒马鲜生,114.29873183718482,30.53842310736993,2401177369
盒马鲜生(武汉新天地北馆店),盒马鲜生,114.30910480788847,30.618459000227674,4523470682
盒马鲜生(世茂52+店),盒马鲜生,114.2674648136416,30.540438666459252,13747437765
盒马鲜生(武汉江宸天街店),盒马鲜生,114.25578714932996,30.60863123024153,7157578628
盒马鲜生(徐东新世界百货店),盒马鲜生,114.34161326715979,30.59043595934325,4181217433
盒马鲜生(世界城店),盒马鲜生,114.40116958614514,30.504613090466535,12381917927
盒马鲜生(武汉龙阳大道店),盒马鲜生,114.18474827859174,30.535988938873594,7295164908
盒马鲜生(泛悦·城市奥特莱斯店),盒马鲜生,114.3450777636194,30.51496798969354,1148754930
盒马鲜生(岳家嘴店),盒马鲜生,114.35900639130907,30.57894732188176,1215926967
盒马鲜生仓库,盒马鲜生,114.27620977792128,30.581024585783837,1880396007
盒马鲜生(季佳·荟百步亭店),盒马鲜生,114.30981744675651,30.655959723374323,1233322729
盒马鲜生,盒马鲜生,114.17327693698793,30.53685084126879,9424855173
盒马鲜生(和平公园前置仓),盒马鲜生,114.3849285581675,30.632444605989956,1212025358
盒马鲜生(西城凯德广场店),盒马鲜生,114.18883878332888,30.59974502377642,4540338550
武汉盒马鲜生前置仓(中南欢乐汇站),盒马鲜生,114.32689365429682,30.532006985493744,11880563955
武汉盒马鲜生前置仓(姑嫂树站),盒马鲜生,114.256851115498,30.633752423490492,4050649085
武汉盒马鲜生前置仓(龙湖天街站),盒马鲜生,114.24142619593447,30.611632419924028,12247625066
武汉盒马鲜生前置仓(常青花园站),盒马鲜生,114.23219937092372,30.654187918102163,11176160735
武汉盒马鲜生前置仓(白沙洲季佳荟站),盒马鲜生,114.2913869694335,30.505770346904274,10080986063
盒马鲜生双墩配送网点,盒马鲜生,114.22849293938668,30.59284131629515,11775535391
盒马鲜生前置仓(白沙未来城店),盒马鲜生,114.27257648909634,30.48259948484526,9933767027
盒马鲜生世界城配送站,盒马鲜生,114.4014388170083,30.50413228693208,1814651166
盒马鲜生配送站,盒马鲜生,114.18375652168271,30.536407058272463,7295164908
武汉盒马鲜生前置仓(宝丰路站),盒马鲜生,114.25280190947201,30.580808110451024,6868989296
武汉盒马鲜生前置仓(梦想之城站),盒马鲜生,114.26749352542718,30.671245858047296,11250185933
武汉盒马鲜生前置仓(王家湾站),盒马鲜生,114.20368971641521,30.564584040615173,3030038002
武汉盒马鲜生前置仓(五里墩站),盒马鲜生,114.23184836969749,30.556499406323354,1459170126
武汉盒马鲜生前置仓(诺展星座站),盒马鲜生,114.36162174520432,30.600617472080458,7227625036
武汉盒马鲜生前置仓(南湖珞珈雅苑站),盒马鲜生,114.32812119424877,30.491181093956943,4742253048
武汉盒马鲜生前置仓(关南工业园站),盒马鲜生,114.42979592165894,30.48272616138427,12463139050
武汉盒马鲜生前置仓(光谷天地站),盒马鲜生,114.40934840169447,30.47649314289939,11733956990
中百仓储(公安路店),中百仓储,114.29332567620389,30.598026505487322,8198567118
中百仓储,中百仓储,114.30097687495174,30.617723894401248,299855747
中百仓储(马鹦路),中百仓储,114.26073020210737,30.54058457916741,9487411581
中百仓储(关山光谷购物广场),中百仓储,114.41386910638472,30.508837877901094,4847000912
中百仓储(保利大都会店),中百仓储,114.36111090514618,30.513244714728263,1290395232
中百仓储(五龙路店),中百仓储,114.2461212774964,30.543305738578553,7160849932
中百仓储(万福里店),中百仓储,114.24957957528589,30.52502224236142,9487411571
中百仓储(古田店),中百仓储,114.19391820326625,30.597683171444306,5343198036
中百仓储(青山108街店),中百仓储,114.39080945948021,30.62546526992422,1212025348
中百仓储(漫时区店),中百仓储,114.31900765878548,30.576888501128316,5325050705
中百仓储(首义路购物广场),中百仓储,114.30405666133005,30.534574098304613,13778138440
中百仓储(家盛时代店),中百仓储,114.34458610635347,30.56504015170027,8358666767
中百仓储(长丰店),中百仓储,114.18691854100693,30.612347753533214,3044755109
中百仓储(庭瑞新汉口店),中百仓储,114.21922075960592,30.66049926899105,9520799127
中百仓储(傅家坡店),中百仓储,114.32301754241992,30.537305671902452,3541539575
中百仓储(金银湖店),中百仓储,114.19762735907442,30.63373432041087,12841249641
中百仓储(百步亭花园路店),中百仓储,114.31583077586836,30.646211692312367,3501002866
中百仓储(竹叶山店),中百仓储,114.28019536407874,30.620346397201228,7178880041
中百仓储(沙湖店),中百仓储,114.30736052514042,30.560208404553283,2401122715
中百仓储(泛海城市广场店),中百仓储,114.24951776800077,30.60387612028216,1887828574
中百仓储(钢都购物广场店),中百仓储,114.36277624161974,30.616129761341142,4541277493
中百仓储(汉口花园店),中百仓储,114.26622791683167,30.636725108678245,3044755215
中百仓储(南湖龙城路店),中百仓储,114.37230368299593,30.46630389483566,1140523115
中百仓储(滨江万科里店),中百仓储,114.20262942715075,30.574467999063067,2045952502
中百仓储金银湖购物广场,中百仓储,114.19729853280559,30.63393373665895,8480339511
中百仓储唐家墩购物广场店储服务中心,中百仓储,114.26585320165275,30.623094120244307,3367156838
中百仓储(汉阳人信汇店),中百仓储,114.19876310730928,30.55322198552471,8197771709
中百仓储(同学广场店),中百仓储,114.39110317221393,30.49227498900415,1150768887
中百仓储(汉桥城中花园B区店),中百仓储,114.2225806547052,30.552809846992876,8197701278
中百仓储(花山店),中百仓储,114.51185883060383,30.52476900927043,2457603193
中百仓储(恒大城市广场店),中百仓储,114.16639993767146,30.66409024562702,3584782896
中百·邻里汇(沿港路店),中百仓储,114.39841101688489,30.6399404371471,1212025383
中百仓储(联投花山郡店),中百仓储,114.48684375883556,30.5604328079761,2457601089
中百仓储超市有限公司(锦绣长江二社区分店),中百仓储,114.26204522055224,30.5389242889796,3491030918
中百仓储(金色港湾购物广场),中百仓储,114.17578338684282,30.522182217394946,3578548936
FoodMart中百(万科嘉园),中百仓储,114.43998112733429,30.502222533813732,9208010658
皇室童缘竹叶山中百仓储店(黄孝河路店),中百仓储,114.28021135515063,30.620296397582734,7178880041
常青路购物广场(中百仓储店),中百仓储,114.23459837283069,30.627997121271232,3822225896
金色港湾购物广场(中百仓储店),中百仓储,114.17580145984175,30.5219353285092,3578548936
中百超市(黄浦路购物广场店),中百仓储,114.29553394821356,30.620614903199563,8600114950
中百·邻里汇,中百仓储,114.33123900005452,30.50424737248733,2401390759
FOOD MART中百,中百仓储,114.3403167833345,30.54961207945868,13369051339
中百超市(王家湾中央生活馆1320店),中百仓储,114.19603244465893,30.564141998455167,7614809187
中百罗森(民主街二店),中百仓储,114.27244821021357,30.579676151655192,1880400488
中百生活剧场武汉光谷K11店,中百仓储,114.40852288633238,30.495084506639476,4525399322
中百网购,中百仓储,114.2659721846368,30.622899105394197,3367156838
中百邻里购24小时线上超市(烽火店),中百仓储,114.29358357398895,30.514489246916852,2482884829
中百·邻里汇(南泥湾店),中百仓储,114.19042141888298,30.6060811794524,3734092008
中国电信庭瑞中百仓储营业厅明星厅店,中百仓储,114.2188581272675,30.66051093299691,9520799127
