name,lon,lat,address,category,brand,typecode,type_l1,type_l2,type_l3
青菱建和城市商业广场,114.257247,30.464285,丽水路与青菱河西路交叉口北220米,商业街,,060100,购物服务,商场,购物中心
世茂·天街,114.317994,30.449358,文化大道332号世茂林屿岸,商业街,,060100,购物服务,商场,购物中心
购物公园,114.409387,30.459139,高新技术开发区大学园路2号万科城市花园内,商业街,,060102,购物服务,商场,普通商场
白沙未来城,114.277381,30.480193,白沙三路29号,商业街,,060100,购物服务,商场,购物中心
悦活里生活广场(广宏汇商业街店),114.334967,30.480052,狮子山街南湖大道48号芷岸龙庭超市1-3层,商业街,,060102,购物服务,商场,普通商场
光谷天地,114.410537,30.477059,关山大道519号,商业街,,060101,购物服务,商场,购物中心
关山漾,114.411187,30.480442,关山大道大彭村,商业街,,060102|061000,购物服务,商场,普通商场
湘隆时代商业中心,114.168189,30.496861,宁康路58号(东风公司地铁站E2口步行280米),商业街,,060101,购物服务,商场,购物中心
同学广场,114.397101,30.489162,民族大道219号,商业街,,060100,购物服务,商场,购物中心
万达广场(武汉经开店),114.174648,30.507031,东风大道111号(体育中心地铁站B口步行110米),商业街,,060101,购物服务,商场,购物中心
C·时尚广场(世界城光谷步行街店),114.403087,30.505315,关山街道珞喻路726号世界城光谷步行街C区,商业街,,060100,购物服务,商场,购物中心
金桥·摩尔街(桥机嘉园南区12栋店),114.260897,30.529751,桥机嘉园南区12栋(建港地铁站C口步行360米),商业街,,060102,购物服务,商场,普通商场
朗汇商业联合展示中心,114.33265,30.532833,武珞路丁字桥车站旁,商业街,,060102,购物服务,商场,普通商场
樱悦汇商业广场,114.356691,30.533039,珞珈山路19号中科开物大厦楼群商场1层(武汉大学珞珈山门对面),商业街,,060102|120200,购物服务,商场,普通商场
新长江·香榭琴台墨园商业广场,114.2512,30.54108,龙江路与五龙路交叉口西南20米,商业街,,060101,购物服务,商场,购物中心
汉飞·逛逛街,114.296526,30.540332,彭刘杨路与文明路交叉口东60米,商业街,,060102,购物服务,商场,普通商场
泛悦汇·KA街,114.304399,30.535418,张之洞路151号(紫阳湖公园对面),商业街,,060102|061001,购物服务,商场,普通商场
晟世·芳草地,114.298194,30.542572,解放路389号(彭刘杨地铁站B2口步行470米),商业街,,060102,购物服务,商场,普通商场
中商广场,114.331637,30.536791,中南路9号(中南路地铁站C2口步行50米),商业街,,060101,购物服务,商场,购物中心
Hotwind热风(汉阳人信汇店),114.204133,30.550965,龙阳大道58号人信汇商业广场一层8-113A 115.116号,商业街,,060103|061101,购物服务,商场,
人信汇(汉阳店),114.20511,30.552204,龙阳大道54号,商业街,,060101,购物服务,商场,购物中心
武汉摩尔城,114.207035,30.55914,王家湾龙阳大道特6号,商业街,,060101,购物服务,商场,购物中心
季佳·里汉桥小镇,114.228083,30.548965,汉桥城中花园D区,商业街,,060102|120302,购物服务,商场,普通商场
闽东国际商业广场,114.265021,30.55066,翠微办事处钟家村家乐福(钟家村地铁站A口旁),商业街,,060101|120201,购物服务,商场,购物中心
华东天地39号上街,114.297789,30.550269,中华路与都府堤交叉口西北100米,商业街,,060100,购物服务,商场,购物中心
泛悦汇商业广场,114.315975,30.5519,粮道街办事处(湖北中医药大学昙华林校区东北),商业街,,060102,购物服务,商场,普通商场
泛悦汇(泛悦汇商业广场店),114.31624,30.552651,泛悦汇商业广场(螃蟹岬地铁站A2口旁),商业街,,060102,购物服务,商场,普通商场
上海商城,114.268671,30.56839,中山大道244号(武胜路地铁站M口步行240米),商业街,,060102,购物服务,商场,普通商场
汉正广场,114.273549,30.566562,汉正街581号,商业街,,060102|060700,购物服务,商场,普通商场
云尚美食汇,114.279024,30.57212,云尚·武汉国际时尚中心A馆7层,商业街,,060102|061000,购物服务,商场,普通商场
奥地利广场,114.274562,30.576059,游艺路187号(顺道街与游艺路交汇处),商业街,,060102,购物服务,商场,普通商场
万达商业广场B座,114.290925,30.577325,花楼街街道民生路163号江汉印象城,商业街,,060102,购物服务,商场,普通商场
漫时区,114.323582,30.574859,和平大道三角路水岸国际,商业街,,060102|061000,购物服务,商场,普通商场
家盛时代城市生活广场(中北店),114.350349,30.562856,中北路120号(青鱼嘴地铁站B口旁),商业街,,060100|060600|120000,购物服务,商场,购物中心
桃源国际商业中心,114.348578,30.576211,沙湖路11号,商业街,,060100,购物服务,商场,购物中心
太和里,114.262157,30.590138,青年路167号(王家墩东地铁站C1口步行440米),商业街,,060102|120000,购物服务,商场,普通商场
Happy站台C馆,114.291508,30.579368,江汉路888号(江汉路地铁站B口旁),商业街,,060100,购物服务,商场,购物中心
武汉绿地·新田360,114.322254,30.582771,徐家棚街道临江大道606号,商业街,,060100,购物服务,商场,购物中心
武汉武昌万象城,114.325886,30.584815,和平大道619号(三角路地铁站出入口旁),商业街,,060101|120302,购物服务,商场,购物中心
福客茂,114.341093,30.586623,友谊大道396号(徐东地铁站出入口步行290米),商业街,,060101,购物服务,商场,购物中心
东方里商业街,114.382767,30.58981,欢乐大道168号东湖生态旅游风景区(西北角),商业街,,060102|061000,购物服务,商场,普通商场
武汉万象城,114.280583,30.599266,建设大道668号,商业街,,060101,购物服务,商场,购物中心
M758,114.337247,30.591951,和平大道998号(徐家棚地铁站Q口步行50米),商业街,,060101,购物服务,商场,购物中心
万盈商业广场(万盈国际店),114.351799,30.597408,万盈国际,商业街,,060102,购物服务,商场,普通商场
金域华府商业中心,114.35084,30.599622,友谊大道纺机路29号,商业街,,060100,购物服务,商场,购物中心
上东汇广场,114.310496,30.614841,黄浦路68号(头道街地铁站C口步行490米),商业街,,060101,购物服务,商场,购物中心
奥山世纪广场,114.360711,30.617162,奇奇乐园(奥山店)和平大道,商业街,,060101,购物服务,商场,购物中心
永旺梦乐城(武汉金银潭店),114.237878,30.650288,将军路街办事处金银潭大道1号,商业街,,060101,购物服务,商场,购物中心
百步亭花园里,114.328728,30.642708,解放大道与百步亭花园路交汇处,商业街,,060100,购物服务,商场,购物中心
绿地汉口中心熙街商业广场,114.292686,30.657608,健康街与健身街交叉口西120米,商业街,,060101,购物服务,商场,购物中心
KIC PARK创新天地,114.511595,30.483836,光谷六路88号(光谷六路站A/B1出口),商业街,,060100,购物服务,商场,购物中心
